PassengerId,Survived,Pclass,Sex,Age,Fare,Title_Sort_elite,Title_Sort_married,Title_Sort_not_married,Title_Sort_unknown,Familysize,Embarked_C,Embarked_Q,Embarked_S
1,0,3,1,22.0,7.25,False,False,False,True,2,False,False,True
2,1,1,0,38.0,71.2833,False,True,False,False,2,True,False,False
3,1,3,0,26.0,7.925,False,False,True,False,1,False,False,True
4,1,1,0,35.0,53.1,False,True,False,False,2,False,False,True
5,0,3,1,35.0,8.05,False,False,False,True,1,False,False,True
6,0,3,1,24.0,8.4583,False,False,False,True,1,False,True,False
7,0,1,1,54.0,51.8625,False,False,False,True,1,False,False,True
8,0,3,1,2.0,21.075,True,False,False,False,5,False,False,True
9,1,3,0,27.0,11.1333,False,True,False,False,3,False,False,True
10,1,2,0,14.0,30.0708,False,True,False,False,2,True,False,False
11,1,3,0,4.0,16.7,False,False,True,False,3,False,False,True
12,1,1,0,58.0,26.55,False,False,True,False,1,False,False,True
13,0,3,1,20.0,8.05,False,False,False,True,1,False,False,True
14,0,3,1,39.0,31.275,False,False,False,True,7,False,False,True
15,0,3,0,14.0,7.8542,False,False,True,False,1,False,False,True
16,1,2,0,55.0,16.0,False,True,False,False,1,False,False,True
17,0,3,1,2.0,29.125,True,False,False,False,6,False,True,False
18,1,2,1,29.0,13.0,False,False,False,True,1,False,False,True
19,0,3,0,31.0,18.0,False,True,False,False,2,False,False,True
20,1,3,0,24.0,7.225,False,True,False,False,1,True,False,False
21,0,2,1,35.0,26.0,False,False,False,True,1,False,False,True
22,1,2,1,34.0,13.0,False,False,False,True,1,False,False,True
23,1,3,0,15.0,8.0292,False,False,True,False,1,False,True,False
24,1,1,1,28.0,35.5,False,False,False,True,1,False,False,True
25,0,3,0,8.0,21.075,False,False,True,False,5,False,False,True
26,1,3,0,38.0,31.3875,False,True,False,False,7,False,False,True
27,0,3,1,24.0,7.225,False,False,False,True,1,True,False,False
28,0,1,1,19.0,263.0,False,False,False,True,6,False,False,True
29,1,3,0,24.0,7.8792,False,False,True,False,1,False,True,False
30,0,3,1,24.0,7.8958,False,False,False,True,1,False,False,True
31,0,1,1,40.0,27.7208,True,False,False,False,1,True,False,False
32,1,1,0,37.0,146.5208,False,True,False,False,2,True,False,False
33,1,3,0,24.0,7.75,False,False,True,False,1,False,True,False
34,0,2,1,66.0,10.5,False,False,False,True,1,False,False,True
35,0,1,1,28.0,82.1708,False,False,False,True,2,True,False,False
36,0,1,1,42.0,52.0,False,False,False,True,2,False,False,True
37,1,3,1,24.0,7.2292,False,False,False,True,1,True,False,False
38,0,3,1,21.0,8.05,False,False,False,True,1,False,False,True
39,0,3,0,18.0,18.0,False,False,True,False,3,False,False,True
40,1,3,0,14.0,11.2417,False,False,True,False,2,True,False,False
41,0,3,0,40.0,9.475,False,True,False,False,2,False,False,True
42,0,2,0,27.0,21.0,False,True,False,False,2,False,False,True
43,0,3,1,24.0,7.8958,False,False,False,True,1,True,False,False
44,1,2,0,3.0,41.5792,False,False,True,False,4,True,False,False
45,1,3,0,19.0,7.8792,False,False,True,False,1,False,True,False
46,0,3,1,24.0,8.05,False,False,False,True,1,False,False,True
47,0,3,1,24.0,15.5,False,False,False,True,2,False,True,False
48,1,3,0,24.0,7.75,False,False,True,False,1,False,True,False
49,0,3,1,24.0,21.6792,False,False,False,True,3,True,False,False
50,0,3,0,18.0,17.8,False,True,False,False,2,False,False,True
51,0,3,1,7.0,39.6875,True,False,False,False,6,False,False,True
52,0,3,1,21.0,7.8,False,False,False,True,1,False,False,True
53,1,1,0,49.0,76.7292,False,True,False,False,2,True,False,False
54,1,2,0,29.0,26.0,False,True,False,False,2,False,False,True
55,0,1,1,65.0,61.9792,False,False,False,True,2,True,False,False
56,1,1,1,37.0,35.5,False,False,False,True,1,False,False,True
57,1,2,0,21.0,10.5,False,False,True,False,1,False,False,True
58,0,3,1,28.5,7.2292,False,False,False,True,1,True,False,False
59,1,2,0,5.0,27.75,False,False,True,False,4,False,False,True
60,0,3,1,11.0,46.9,True,False,False,False,8,False,False,True
61,0,3,1,22.0,7.2292,False,False,False,True,1,True,False,False
62,1,1,0,38.0,80.0,False,False,True,False,1,False,False,True
63,0,1,1,45.0,83.475,False,False,False,True,2,False,False,True
64,0,3,1,4.0,27.9,True,False,False,False,6,False,False,True
65,0,1,1,37.0,27.7208,False,False,False,True,1,True,False,False
66,1,3,1,24.0,15.2458,True,False,False,False,3,True,False,False
67,1,2,0,29.0,10.5,False,True,False,False,1,False,False,True
68,0,3,1,19.0,8.1583,False,False,False,True,1,False,False,True
69,1,3,0,17.0,7.925,False,False,True,False,7,False,False,True
70,0,3,1,26.0,8.6625,False,False,False,True,3,False,False,True
71,0,2,1,32.0,10.5,False,False,False,True,1,False,False,True
72,0,3,0,16.0,46.9,False,False,True,False,8,False,False,True
73,0,2,1,21.0,73.5,False,False,False,True,1,False,False,True
74,0,3,1,26.0,14.4542,False,False,False,True,2,True,False,False
75,1,3,1,32.0,56.4958,False,False,False,True,1,False,False,True
76,0,3,1,25.0,7.65,False,False,False,True,1,False,False,True
77,0,3,1,24.0,7.8958,False,False,False,True,1,False,False,True
78,0,3,1,24.0,8.05,False,False,False,True,1,False,False,True
79,1,2,1,0.83,29.0,True,False,False,False,3,False,False,True
80,1,3,0,30.0,12.475,False,False,True,False,1,False,False,True
81,0,3,1,22.0,9.0,False,False,False,True,1,False,False,True
82,1,3,1,29.0,9.5,False,False,False,True,1,False,False,True
83,1,3,0,24.0,7.7875,False,False,True,False,1,False,True,False
84,0,1,1,28.0,47.1,False,False,False,True,1,False,False,True
85,1,2,0,17.0,10.5,False,False,True,False,1,False,False,True
86,1,3,0,33.0,15.85,False,True,False,False,4,False,False,True
87,0,3,1,16.0,34.375,False,False,False,True,5,False,False,True
88,0,3,1,24.0,8.05,False,False,False,True,1,False,False,True
89,1,1,0,23.0,263.0,False,False,True,False,6,False,False,True
90,0,3,1,24.0,8.05,False,False,False,True,1,False,False,True
91,0,3,1,29.0,8.05,False,False,False,True,1,False,False,True
92,0,3,1,20.0,7.8542,False,False,False,True,1,False,False,True
93,0,1,1,46.0,61.175,False,False,False,True,2,False,False,True
94,0,3,1,26.0,20.575,False,False,False,True,4,False,False,True
95,0,3,1,59.0,7.25,False,False,False,True,1,False,False,True
96,0,3,1,24.0,8.05,False,False,False,True,1,False,False,True
97,0,1,1,71.0,34.6542,False,False,False,True,1,True,False,False
98,1,1,1,23.0,63.3583,False,False,False,True,2,True,False,False
99,1,2,0,34.0,23.0,False,True,False,False,2,False,False,True
100,0,2,1,34.0,26.0,False,False,False,True,2,False,False,True
101,0,3,0,28.0,7.8958,False,False,True,False,1,False,False,True
102,0,3,1,24.0,7.8958,False,False,False,True,1,False,False,True
103,0,1,1,21.0,77.2875,False,False,False,True,2,False,False,True
104,0,3,1,33.0,8.6542,False,False,False,True,1,False,False,True
105,0,3,1,37.0,7.925,False,False,False,True,3,False,False,True
106,0,3,1,28.0,7.8958,False,False,False,True,1,False,False,True
107,1,3,0,21.0,7.65,False,False,True,False,1,False,False,True
108,1,3,1,24.0,7.775,False,False,False,True,1,False,False,True
109,0,3,1,38.0,7.8958,False,False,False,True,1,False,False,True
110,1,3,0,24.0,24.15,False,False,True,False,2,False,True,False
111,0,1,1,47.0,52.0,False,False,False,True,1,False,False,True
112,0,3,0,14.5,14.4542,False,False,True,False,2,True,False,False
113,0,3,1,22.0,8.05,False,False,False,True,1,False,False,True
114,0,3,0,20.0,9.825,False,False,True,False,2,False,False,True
115,0,3,0,17.0,14.4583,False,False,True,False,1,True,False,False
116,0,3,1,21.0,7.925,False,False,False,True,1,False,False,True
117,0,3,1,70.5,7.75,False,False,False,True,1,False,True,False
118,0,2,1,29.0,21.0,False,False,False,True,2,False,False,True
119,0,1,1,24.0,247.5208,False,False,False,True,2,True,False,False
120,0,3,0,2.0,31.275,False,False,True,False,7,False,False,True
121,0,2,1,21.0,73.5,False,False,False,True,3,False,False,True
122,0,3,1,24.0,8.05,False,False,False,True,1,False,False,True
123,0,2,1,32.5,30.0708,False,False,False,True,2,True,False,False
124,1,2,0,32.5,13.0,False,False,True,False,1,False,False,True
125,0,1,1,54.0,77.2875,False,False,False,True,2,False,False,True
126,1,3,1,12.0,11.2417,True,False,False,False,2,True,False,False
127,0,3,1,24.0,7.75,False,False,False,True,1,False,True,False
128,1,3,1,24.0,7.1417,False,False,False,True,1,False,False,True
129,1,3,0,24.0,22.3583,False,False,True,False,3,True,False,False
130,0,3,1,45.0,6.975,False,False,False,True,1,False,False,True
131,0,3,1,33.0,7.8958,False,False,False,True,1,True,False,False
132,0,3,1,20.0,7.05,False,False,False,True,1,False,False,True
133,0,3,0,47.0,14.5,False,True,False,False,2,False,False,True
134,1,2,0,29.0,26.0,False,True,False,False,2,False,False,True
135,0,2,1,25.0,13.0,False,False,False,True,1,False,False,True
136,0,2,1,23.0,15.0458,False,False,False,True,1,True,False,False
137,1,1,0,19.0,26.2833,False,False,True,False,3,False,False,True
138,0,1,1,37.0,53.1,False,False,False,True,2,False,False,True
139,0,3,1,16.0,9.2167,False,False,False,True,1,False,False,True
140,0,1,1,24.0,79.2,False,False,False,True,1,True,False,False
141,0,3,0,24.0,15.2458,False,True,False,False,3,True,False,False
142,1,3,0,22.0,7.75,False,False,True,False,1,False,False,True
143,1,3,0,24.0,15.85,False,True,False,False,2,False,False,True
144,0,3,1,19.0,6.75,False,False,False,True,1,False,True,False
145,0,2,1,18.0,11.5,False,False,False,True,1,False,False,True
146,0,2,1,19.0,36.75,False,False,False,True,3,False,False,True
147,1,3,1,27.0,7.7958,False,False,False,True,1,False,False,True
148,0,3,0,9.0,34.375,False,False,True,False,5,False,False,True
149,0,2,1,36.5,26.0,False,False,False,True,3,False,False,True
150,0,2,1,42.0,13.0,True,False,False,False,1,False,False,True
151,0,2,1,51.0,12.525,True,False,False,False,1,False,False,True
152,1,1,0,22.0,66.6,False,True,False,False,2,False,False,True
153,0,3,1,55.5,8.05,False,False,False,True,1,False,False,True
154,0,3,1,40.5,14.5,False,False,False,True,3,False,False,True
155,0,3,1,24.0,7.3125,False,False,False,True,1,False,False,True
156,0,1,1,51.0,61.3792,False,False,False,True,2,True,False,False
157,1,3,0,16.0,7.7333,False,False,True,False,1,False,True,False
158,0,3,1,30.0,8.05,False,False,False,True,1,False,False,True
159,0,3,1,24.0,8.6625,False,False,False,True,1,False,False,True
160,0,3,1,24.0,69.55,True,False,False,False,11,False,False,True
161,0,3,1,44.0,16.1,False,False,False,True,2,False,False,True
162,1,2,0,40.0,15.75,False,True,False,False,1,False,False,True
163,0,3,1,26.0,7.775,False,False,False,True,1,False,False,True
164,0,3,1,17.0,8.6625,False,False,False,True,1,False,False,True
165,0,3,1,1.0,39.6875,True,False,False,False,6,False,False,True
166,1,3,1,9.0,20.525,True,False,False,False,3,False,False,True
167,1,1,0,37.0,55.0,False,True,False,False,2,False,False,True
168,0,3,0,45.0,27.9,False,True,False,False,6,False,False,True
169,0,1,1,37.0,25.925,False,False,False,True,1,False,False,True
170,0,3,1,28.0,56.4958,False,False,False,True,1,False,False,True
171,0,1,1,61.0,33.5,False,False,False,True,1,False,False,True
172,0,3,1,4.0,29.125,True,False,False,False,6,False,True,False
173,1,3,0,1.0,11.1333,False,False,True,False,3,False,False,True
174,0,3,1,21.0,7.925,False,False,False,True,1,False,False,True
175,0,1,1,56.0,30.6958,False,False,False,True,1,True,False,False
176,0,3,1,18.0,7.8542,False,False,False,True,3,False,False,True
177,0,3,1,24.0,25.4667,True,False,False,False,5,False,False,True
178,0,1,0,50.0,28.7125,False,False,True,False,1,True,False,False
179,0,2,1,30.0,13.0,False,False,False,True,1,False,False,True
180,0,3,1,36.0,0.0,False,False,False,True,1,False,False,True
181,0,3,0,24.0,69.55,False,False,True,False,11,False,False,True
182,0,2,1,29.0,15.05,False,False,False,True,1,True,False,False
183,0,3,1,9.0,31.3875,True,False,False,False,7,False,False,True
184,1,2,1,1.0,39.0,True,False,False,False,4,False,False,True
185,1,3,0,4.0,22.025,False,False,True,False,3,False,False,True
186,0,1,1,37.0,50.0,False,False,False,True,1,False,False,True
187,1,3,0,24.0,15.5,False,True,False,False,2,False,True,False
188,1,1,1,45.0,26.55,False,False,False,True,1,False,False,True
189,0,3,1,40.0,15.5,False,False,False,True,3,False,True,False
190,0,3,1,36.0,7.8958,False,False,False,True,1,False,False,True
191,1,2,0,32.0,13.0,False,True,False,False,1,False,False,True
192,0,2,1,19.0,13.0,False,False,False,True,1,False,False,True
193,1,3,0,19.0,7.8542,False,False,True,False,2,False,False,True
194,1,2,1,3.0,26.0,True,False,False,False,3,False,False,True
195,1,1,0,44.0,27.7208,False,True,False,False,1,True,False,False
196,1,1,0,58.0,146.5208,False,False,True,False,1,True,False,False
197,0,3,1,24.0,7.75,False,False,False,True,1,False,True,False
198,0,3,1,42.0,8.4042,False,False,False,True,2,False,False,True
199,1,3,0,24.0,7.75,False,False,True,False,1,False,True,False
200,0,2,0,24.0,13.0,False,False,True,False,1,False,False,True
201,0,3,1,28.0,9.5,False,False,False,True,1,False,False,True
202,0,3,1,24.0,69.55,False,False,False,True,11,False,False,True
203,0,3,1,34.0,6.4958,False,False,False,True,1,False,False,True
204,0,3,1,45.5,7.225,False,False,False,True,1,True,False,False
205,1,3,1,18.0,8.05,False,False,False,True,1,False,False,True
206,0,3,0,2.0,10.4625,False,False,True,False,2,False,False,True
207,0,3,1,32.0,15.85,False,False,False,True,2,False,False,True
208,1,3,1,26.0,18.7875,False,False,False,True,1,True,False,False
209,1,3,0,16.0,7.75,False,False,True,False,1,False,True,False
210,1,1,1,40.0,31.0,False,False,False,True,1,True,False,False
211,0,3,1,24.0,7.05,False,False,False,True,1,False,False,True
212,1,2,0,35.0,21.0,False,False,True,False,1,False,False,True
213,0,3,1,22.0,7.25,False,False,False,True,1,False,False,True
214,0,2,1,30.0,13.0,False,False,False,True,1,False,False,True
215,0,3,1,24.0,7.75,False,False,False,True,2,False,True,False
216,1,1,0,31.0,113.275,False,False,True,False,2,True,False,False
217,1,3,0,27.0,7.925,False,False,True,False,1,False,False,True
218,0,2,1,42.0,27.0,False,False,False,True,2,False,False,True
219,1,1,0,32.0,76.2917,False,False,True,False,1,True,False,False
220,0,2,1,30.0,10.5,False,False,False,True,1,False,False,True
221,1,3,1,16.0,8.05,False,False,False,True,1,False,False,True
222,0,2,1,27.0,13.0,False,False,False,True,1,False,False,True
223,0,3,1,51.0,8.05,False,False,False,True,1,False,False,True
224,0,3,1,24.0,7.8958,False,False,False,True,1,False,False,True
225,1,1,1,38.0,90.0,False,False,False,True,2,False,False,True
226,0,3,1,22.0,9.35,False,False,False,True,1,False,False,True
227,1,2,1,19.0,10.5,False,False,False,True,1,False,False,True
228,0,3,1,20.5,7.25,False,False,False,True,1,False,False,True
229,0,2,1,18.0,13.0,False,False,False,True,1,False,False,True
230,0,3,0,24.0,25.4667,False,False,True,False,5,False,False,True
231,1,1,0,35.0,83.475,False,True,False,False,2,False,False,True
232,0,3,1,29.0,7.775,False,False,False,True,1,False,False,True
233,0,2,1,59.0,13.5,False,False,False,True,1,False,False,True
234,1,3,0,5.0,31.3875,False,False,True,False,7,False,False,True
235,0,2,1,24.0,10.5,False,False,False,True,1,False,False,True
236,0,3,0,24.0,7.55,False,False,True,False,1,False,False,True
237,0,2,1,44.0,26.0,False,False,False,True,2,False,False,True
238,1,2,0,8.0,26.25,False,False,True,False,3,False,False,True
239,0,2,1,19.0,10.5,False,False,False,True,1,False,False,True
240,0,2,1,33.0,12.275,False,False,False,True,1,False,False,True
241,0,3,0,24.0,14.4542,False,False,True,False,2,True,False,False
242,1,3,0,24.0,15.5,False,False,True,False,2,False,True,False
243,0,2,1,29.0,10.5,False,False,False,True,1,False,False,True
244,0,3,1,22.0,7.125,False,False,False,True,1,False,False,True
245,0,3,1,30.0,7.225,False,False,False,True,1,True,False,False
246,0,1,1,44.0,90.0,True,False,False,False,3,False,True,False
247,0,3,0,25.0,7.775,False,False,True,False,1,False,False,True
248,1,2,0,24.0,14.5,False,True,False,False,3,False,False,True
249,1,1,1,37.0,52.5542,False,False,False,True,3,False,False,True
250,0,2,1,54.0,26.0,True,False,False,False,2,False,False,True
251,0,3,1,24.0,7.25,False,False,False,True,1,False,False,True
252,0,3,0,29.0,10.4625,False,True,False,False,3,False,False,True
253,0,1,1,62.0,26.55,False,False,False,True,1,False,False,True
254,0,3,1,30.0,16.1,False,False,False,True,2,False,False,True
255,0,3,0,41.0,20.2125,False,True,False,False,3,False,False,True
256,1,3,0,29.0,15.2458,False,True,False,False,3,True,False,False
257,1,1,0,37.0,79.2,False,True,False,False,1,True,False,False
258,1,1,0,30.0,86.5,False,False,True,False,1,False,False,True
259,1,1,0,35.0,512.3292,False,False,True,False,1,True,False,False
260,1,2,0,50.0,26.0,False,True,False,False,2,False,False,True
261,0,3,1,24.0,7.75,False,False,False,True,1,False,True,False
262,1,3,1,3.0,31.3875,True,False,False,False,7,False,False,True
263,0,1,1,52.0,79.65,False,False,False,True,3,False,False,True
264,0,1,1,40.0,0.0,False,False,False,True,1,False,False,True
265,0,3,0,24.0,7.75,False,False,True,False,1,False,True,False
266,0,2,1,36.0,10.5,False,False,False,True,1,False,False,True
267,0,3,1,16.0,39.6875,False,False,False,True,6,False,False,True
268,1,3,1,25.0,7.775,False,False,False,True,2,False,False,True
269,1,1,0,58.0,153.4625,False,True,False,False,2,False,False,True
270,1,1,0,35.0,135.6333,False,False,True,False,1,False,False,True
271,0,1,1,37.0,31.0,False,False,False,True,1,False,False,True
272,1,3,1,25.0,0.0,False,False,False,True,1,False,False,True
273,1,2,0,41.0,19.5,False,True,False,False,2,False,False,True
274,0,1,1,37.0,29.7,False,False,False,True,2,True,False,False
275,1,3,0,24.0,7.75,False,False,True,False,1,False,True,False
276,1,1,0,63.0,77.9583,False,False,True,False,2,False,False,True
277,0,3,0,45.0,7.75,False,False,True,False,1,False,False,True
278,0,2,1,29.0,0.0,False,False,False,True,1,False,False,True
279,0,3,1,7.0,29.125,True,False,False,False,6,False,True,False
280,1,3,0,35.0,20.25,False,True,False,False,3,False,False,True
281,0,3,1,65.0,7.75,False,False,False,True,1,False,True,False
282,0,3,1,28.0,7.8542,False,False,False,True,1,False,False,True
283,0,3,1,16.0,9.5,False,False,False,True,1,False,False,True
284,1,3,1,19.0,8.05,False,False,False,True,1,False,False,True
285,0,1,1,37.0,26.0,False,False,False,True,1,False,False,True
286,0,3,1,33.0,8.6625,False,False,False,True,1,True,False,False
287,1,3,1,30.0,9.5,False,False,False,True,1,False,False,True
288,0,3,1,22.0,7.8958,False,False,False,True,1,False,False,True
289,1,2,1,42.0,13.0,False,False,False,True,1,False,False,True
290,1,3,0,22.0,7.75,False,False,True,False,1,False,True,False
291,1,1,0,26.0,78.85,False,False,True,False,1,False,False,True
292,1,1,0,19.0,91.0792,False,True,False,False,2,True,False,False
293,0,2,1,36.0,12.875,False,False,False,True,1,True,False,False
294,0,3,0,24.0,8.85,False,False,True,False,1,False,False,True
295,0,3,1,24.0,7.8958,False,False,False,True,1,False,False,True
296,0,1,1,37.0,27.7208,False,False,False,True,1,True,False,False
297,0,3,1,23.5,7.2292,False,False,False,True,1,True,False,False
298,0,1,0,2.0,151.55,False,False,True,False,4,False,False,True
299,1,1,1,37.0,30.5,False,False,False,True,1,False,False,True
300,1,1,0,50.0,247.5208,False,True,False,False,2,True,False,False
301,1,3,0,24.0,7.75,False,False,True,False,1,False,True,False
302,1,3,1,24.0,23.25,False,False,False,True,3,False,True,False
303,0,3,1,19.0,0.0,False,False,False,True,1,False,False,True
304,1,2,0,29.0,12.35,False,False,True,False,1,False,True,False
305,0,3,1,24.0,8.05,False,False,False,True,1,False,False,True
306,1,1,1,0.92,151.55,True,False,False,False,4,False,False,True
307,1,1,0,37.0,110.8833,False,False,True,False,1,True,False,False
308,1,1,0,17.0,108.9,False,True,False,False,2,True,False,False
309,0,2,1,30.0,24.0,False,False,False,True,2,True,False,False
310,1,1,0,30.0,56.9292,False,False,True,False,1,True,False,False
311,1,1,0,24.0,83.1583,False,False,True,False,1,True,False,False
312,1,1,0,18.0,262.375,False,False,True,False,5,True,False,False
313,0,2,0,26.0,26.0,False,True,False,False,3,False,False,True
314,0,3,1,28.0,7.8958,False,False,False,True,1,False,False,True
315,0,2,1,43.0,26.25,False,False,False,True,3,False,False,True
316,1,3,0,26.0,7.8542,False,False,True,False,1,False,False,True
317,1,2,0,24.0,26.0,False,True,False,False,2,False,False,True
318,0,2,1,54.0,14.0,True,False,False,False,1,False,False,True
319,1,1,0,31.0,164.8667,False,False,True,False,3,False,False,True
320,1,1,0,40.0,134.5,False,True,False,False,3,True,False,False
321,0,3,1,22.0,7.25,False,False,False,True,1,False,False,True
322,0,3,1,27.0,7.8958,False,False,False,True,1,False,False,True
323,1,2,0,30.0,12.35,False,False,True,False,1,False,True,False
324,1,2,0,22.0,29.0,False,True,False,False,3,False,False,True
325,0,3,1,24.0,69.55,False,False,False,True,11,False,False,True
326,1,1,0,36.0,135.6333,False,False,True,False,1,True,False,False
327,0,3,1,61.0,6.2375,False,False,False,True,1,False,False,True
328,1,2,0,36.0,13.0,False,True,False,False,1,False,False,True
329,1,3,0,31.0,20.525,False,True,False,False,3,False,False,True
330,1,1,0,16.0,57.9792,False,False,True,False,2,True,False,False
331,1,3,0,24.0,23.25,False,False,True,False,3,False,True,False
332,0,1,1,45.5,28.5,False,False,False,True,1,False,False,True
333,0,1,1,38.0,153.4625,False,False,False,True,2,False,False,True
334,0,3,1,16.0,18.0,False,False,False,True,3,False,False,True
335,1,1,0,37.0,133.65,False,True,False,False,2,False,False,True
336,0,3,1,24.0,7.8958,False,False,False,True,1,False,False,True
337,0,1,1,29.0,66.6,False,False,False,True,2,False,False,True
338,1,1,0,41.0,134.5,False,False,True,False,1,True,False,False
339,1,3,1,45.0,8.05,False,False,False,True,1,False,False,True
340,0,1,1,45.0,35.5,False,False,False,True,1,False,False,True
341,1,2,1,2.0,26.0,True,False,False,False,3,False,False,True
342,1,1,0,24.0,263.0,False,False,True,False,6,False,False,True
343,0,2,1,28.0,13.0,False,False,False,True,1,False,False,True
344,0,2,1,25.0,13.0,False,False,False,True,1,False,False,True
345,0,2,1,36.0,13.0,False,False,False,True,1,False,False,True
346,1,2,0,24.0,13.0,False,False,True,False,1,False,False,True
347,1,2,0,40.0,13.0,False,False,True,False,1,False,False,True
348,1,3,0,24.0,16.1,False,True,False,False,2,False,False,True
349,1,3,1,3.0,15.9,True,False,False,False,3,False,False,True
350,0,3,1,42.0,8.6625,False,False,False,True,1,False,False,True
351,0,3,1,23.0,9.225,False,False,False,True,1,False,False,True
352,0,1,1,37.0,35.0,False,False,False,True,1,False,False,True
353,0,3,1,15.0,7.2292,False,False,False,True,3,True,False,False
354,0,3,1,25.0,17.8,False,False,False,True,2,False,False,True
355,0,3,1,24.0,7.225,False,False,False,True,1,True,False,False
356,0,3,1,28.0,9.5,False,False,False,True,1,False,False,True
357,1,1,0,22.0,55.0,False,False,True,False,2,False,False,True
358,0,2,0,38.0,13.0,False,False,True,False,1,False,False,True
359,1,3,0,24.0,7.8792,False,False,True,False,1,False,True,False
360,1,3,0,24.0,7.8792,False,False,True,False,1,False,True,False
361,0,3,1,40.0,27.9,False,False,False,True,6,False,False,True
362,0,2,1,29.0,27.7208,False,False,False,True,2,True,False,False
363,0,3,0,45.0,14.4542,False,True,False,False,2,True,False,False
364,0,3,1,35.0,7.05,False,False,False,True,1,False,False,True
365,0,3,1,24.0,15.5,False,False,False,True,2,False,True,False
366,0,3,1,30.0,7.25,False,False,False,True,1,False,False,True
367,1,1,0,60.0,75.25,False,True,False,False,2,True,False,False
368,1,3,0,24.0,7.2292,False,True,False,False,1,True,False,False
369,1,3,0,24.0,7.75,False,False,True,False,1,False,True,False
370,1,1,0,24.0,69.3,False,True,False,False,1,True,False,False
371,1,1,1,25.0,55.4417,False,False,False,True,2,True,False,False
372,0,3,1,18.0,6.4958,False,False,False,True,2,False,False,True
373,0,3,1,19.0,8.05,False,False,False,True,1,False,False,True
374,0,1,1,22.0,135.6333,False,False,False,True,1,True,False,False
375,0,3,0,3.0,21.075,False,False,True,False,5,False,False,True
376,1,1,0,37.0,82.1708,False,True,False,False,2,True,False,False
377,1,3,0,22.0,7.25,False,False,True,False,1,False,False,True
378,0,1,1,27.0,211.5,False,False,False,True,3,True,False,False
379,0,3,1,20.0,4.0125,False,False,False,True,1,True,False,False
380,0,3,1,19.0,7.775,False,False,False,True,1,False,False,True
381,1,1,0,42.0,227.525,False,False,True,False,1,True,False,False
382,1,3,0,1.0,15.7417,False,False,True,False,3,True,False,False
383,0,3,1,32.0,7.925,False,False,False,True,1,False,False,True
384,1,1,0,35.0,52.0,False,True,False,False,2,False,False,True
385,0,3,1,24.0,7.8958,False,False,False,True,1,False,False,True
386,0,2,1,18.0,73.5,False,False,False,True,1,False,False,True
387,0,3,1,1.0,46.9,True,False,False,False,8,False,False,True
388,1,2,0,36.0,13.0,False,False,True,False,1,False,False,True
389,0,3,1,24.0,7.7292,False,False,False,True,1,False,True,False
390,1,2,0,17.0,12.0,False,False,True,False,1,True,False,False
391,1,1,1,36.0,120.0,False,False,False,True,4,False,False,True
392,1,3,1,21.0,7.7958,False,False,False,True,1,False,False,True
393,0,3,1,28.0,7.925,False,False,False,True,3,False,False,True
394,1,1,0,23.0,113.275,False,False,True,False,2,True,False,False
395,1,3,0,24.0,16.7,False,True,False,False,3,False,False,True
396,0,3,1,22.0,7.7958,False,False,False,True,1,False,False,True
397,0,3,0,31.0,7.8542,False,False,True,False,1,False,False,True
398,0,2,1,46.0,26.0,False,False,False,True,1,False,False,True
399,0,2,1,23.0,10.5,True,False,False,False,1,False,False,True
400,1,2,0,28.0,12.65,False,True,False,False,1,False,False,True
401,1,3,1,39.0,7.925,False,False,False,True,1,False,False,True
402,0,3,1,26.0,8.05,False,False,False,True,1,False,False,True
403,0,3,0,21.0,9.825,False,False,True,False,2,False,False,True
404,0,3,1,28.0,15.85,False,False,False,True,2,False,False,True
405,0,3,0,20.0,8.6625,False,False,True,False,1,False,False,True
406,0,2,1,34.0,21.0,False,False,False,True,2,False,False,True
407,0,3,1,51.0,7.75,False,False,False,True,1,False,False,True
408,1,2,1,3.0,18.75,True,False,False,False,3,False,False,True
409,0,3,1,21.0,7.775,False,False,False,True,1,False,False,True
410,0,3,0,24.0,25.4667,False,False,True,False,5,False,False,True
411,0,3,1,24.0,7.8958,False,False,False,True,1,False,False,True
412,0,3,1,24.0,6.8583,False,False,False,True,1,False,True,False
413,1,1,0,33.0,90.0,False,False,True,False,2,False,True,False
414,0,2,1,29.0,0.0,False,False,False,True,1,False,False,True
415,1,3,1,44.0,7.925,False,False,False,True,1,False,False,True
416,0,3,0,24.0,8.05,False,True,False,False,1,False,False,True
417,1,2,0,34.0,32.5,False,True,False,False,3,False,False,True
418,1,2,0,18.0,13.0,False,False,True,False,3,False,False,True
419,0,2,1,30.0,13.0,False,False,False,True,1,False,False,True
420,0,3,0,10.0,24.15,False,False,True,False,3,False,False,True
421,0,3,1,24.0,7.8958,False,False,False,True,1,True,False,False
422,0,3,1,21.0,7.7333,False,False,False,True,1,False,True,False
423,0,3,1,29.0,7.875,False,False,False,True,1,False,False,True
424,0,3,0,28.0,14.4,False,True,False,False,3,False,False,True
425,0,3,1,18.0,20.2125,False,False,False,True,3,False,False,True
426,0,3,1,24.0,7.25,False,False,False,True,1,False,False,True
427,1,2,0,28.0,26.0,False,True,False,False,2,False,False,True
428,1,2,0,19.0,26.0,False,False,True,False,1,False,False,True
429,0,3,1,24.0,7.75,False,False,False,True,1,False,True,False
430,1,3,1,32.0,8.05,False,False,False,True,1,False,False,True
431,1,1,1,28.0,26.55,False,False,False,True,1,False,False,True
432,1,3,0,24.0,16.1,False,True,False,False,2,False,False,True
433,1,2,0,42.0,26.0,False,True,False,False,2,False,False,True
434,0,3,1,17.0,7.125,False,False,False,True,1,False,False,True
435,0,1,1,50.0,55.9,False,False,False,True,2,False,False,True
436,1,1,0,14.0,120.0,False,False,True,False,4,False,False,True
437,0,3,0,21.0,34.375,False,False,True,False,5,False,False,True
438,1,2,0,24.0,18.75,False,True,False,False,6,False,False,True
439,0,1,1,64.0,263.0,False,False,False,True,6,False,False,True
440,0,2,1,31.0,10.5,False,False,False,True,1,False,False,True
441,1,2,0,45.0,26.25,False,True,False,False,3,False,False,True
442,0,3,1,20.0,9.5,False,False,False,True,1,False,False,True
443,0,3,1,25.0,7.775,False,False,False,True,2,False,False,True
444,1,2,0,28.0,13.0,False,False,True,False,1,False,False,True
445,1,3,1,24.0,8.1125,False,False,False,True,1,False,False,True
446,1,1,1,4.0,81.8583,True,False,False,False,3,False,False,True
447,1,2,0,13.0,19.5,False,False,True,False,2,False,False,True
448,1,1,1,34.0,26.55,False,False,False,True,1,False,False,True
449,1,3,0,5.0,19.2583,False,False,True,False,4,True,False,False
450,1,1,1,52.0,30.5,True,False,False,False,1,False,False,True
451,0,2,1,36.0,27.75,False,False,False,True,4,False,False,True
452,0,3,1,24.0,19.9667,False,False,False,True,2,False,False,True
453,0,1,1,30.0,27.75,False,False,False,True,1,True,False,False
454,1,1,1,49.0,89.1042,False,False,False,True,2,True,False,False
455,0,3,1,24.0,8.05,False,False,False,True,1,False,False,True
456,1,3,1,29.0,7.8958,False,False,False,True,1,True,False,False
457,0,1,1,65.0,26.55,False,False,False,True,1,False,False,True
458,1,1,0,37.0,51.8625,False,True,False,False,2,False,False,True
459,1,2,0,50.0,10.5,False,False,True,False,1,False,False,True
460,0,3,1,24.0,7.75,False,False,False,True,1,False,True,False
461,1,1,1,48.0,26.55,False,False,False,True,1,False,False,True
462,0,3,1,34.0,8.05,False,False,False,True,1,False,False,True
463,0,1,1,47.0,38.5,False,False,False,True,1,False,False,True
464,0,2,1,48.0,13.0,False,False,False,True,1,False,False,True
465,0,3,1,24.0,8.05,False,False,False,True,1,False,False,True
466,0,3,1,38.0,7.05,False,False,False,True,1,False,False,True
467,0,2,1,29.0,0.0,False,False,False,True,1,False,False,True
468,0,1,1,56.0,26.55,False,False,False,True,1,False,False,True
469,0,3,1,24.0,7.725,False,False,False,True,1,False,True,False
470,1,3,0,0.75,19.2583,False,False,True,False,4,True,False,False
471,0,3,1,24.0,7.25,False,False,False,True,1,False,False,True
472,0,3,1,38.0,8.6625,False,False,False,True,1,False,False,True
473,1,2,0,33.0,27.75,False,True,False,False,4,False,False,True
474,1,2,0,23.0,13.7917,False,True,False,False,1,True,False,False
475,0,3,0,22.0,9.8375,False,False,True,False,1,False,False,True
476,0,1,1,37.0,52.0,False,False,False,True,1,False,False,True
477,0,2,1,34.0,21.0,False,False,False,True,2,False,False,True
478,0,3,1,29.0,7.0458,False,False,False,True,2,False,False,True
479,0,3,1,22.0,7.5208,False,False,False,True,1,False,False,True
480,1,3,0,2.0,12.2875,False,False,True,False,2,False,False,True
481,0,3,1,9.0,46.9,True,False,False,False,8,False,False,True
482,0,2,1,29.0,0.0,False,False,False,True,1,False,False,True
483,0,3,1,50.0,8.05,False,False,False,True,1,False,False,True
484,1,3,0,63.0,9.5875,False,True,False,False,1,False,False,True
485,1,1,1,25.0,91.0792,False,False,False,True,2,True,False,False
486,0,3,0,24.0,25.4667,False,False,True,False,5,False,False,True
487,1,1,0,35.0,90.0,False,True,False,False,2,False,False,True
488,0,1,1,58.0,29.7,False,False,False,True,1,True,False,False
489,0,3,1,30.0,8.05,False,False,False,True,1,False,False,True
490,1,3,1,9.0,15.9,True,False,False,False,3,False,False,True
491,0,3,1,24.0,19.9667,False,False,False,True,2,False,False,True
492,0,3,1,21.0,7.25,False,False,False,True,1,False,False,True
493,0,1,1,55.0,30.5,False,False,False,True,1,False,False,True
494,0,1,1,71.0,49.5042,False,False,False,True,1,True,False,False
495,0,3,1,21.0,8.05,False,False,False,True,1,False,False,True
496,0,3,1,24.0,14.4583,False,False,False,True,1,True,False,False
497,1,1,0,54.0,78.2667,False,False,True,False,2,True,False,False
498,0,3,1,24.0,15.1,False,False,False,True,1,False,False,True
499,0,1,0,25.0,151.55,False,True,False,False,4,False,False,True
500,0,3,1,24.0,7.7958,False,False,False,True,1,False,False,True
501,0,3,1,17.0,8.6625,False,False,False,True,1,False,False,True
502,0,3,0,21.0,7.75,False,False,True,False,1,False,True,False
503,0,3,0,24.0,7.6292,False,False,True,False,1,False,True,False
504,0,3,0,37.0,9.5875,False,False,True,False,1,False,False,True
505,1,1,0,16.0,86.5,False,False,True,False,1,False,False,True
506,0,1,1,18.0,108.9,False,False,False,True,2,True,False,False
507,1,2,0,33.0,26.0,False,True,False,False,3,False,False,True
508,1,1,1,37.0,26.55,False,False,False,True,1,False,False,True
509,0,3,1,28.0,22.525,False,False,False,True,1,False,False,True
510,1,3,1,26.0,56.4958,False,False,False,True,1,False,False,True
511,1,3,1,29.0,7.75,False,False,False,True,1,False,True,False
512,0,3,1,24.0,8.05,False,False,False,True,1,False,False,True
513,1,1,1,36.0,26.2875,False,False,False,True,1,False,False,True
514,1,1,0,54.0,59.4,False,True,False,False,2,True,False,False
515,0,3,1,24.0,7.4958,False,False,False,True,1,False,False,True
516,0,1,1,47.0,34.0208,False,False,False,True,1,False,False,True
517,1,2,0,34.0,10.5,False,True,False,False,1,False,False,True
518,0,3,1,24.0,24.15,False,False,False,True,1,False,True,False
519,1,2,0,36.0,26.0,False,True,False,False,2,False,False,True
520,0,3,1,32.0,7.8958,False,False,False,True,1,False,False,True
521,1,1,0,30.0,93.5,False,False,True,False,1,False,False,True
522,0,3,1,22.0,7.8958,False,False,False,True,1,False,False,True
523,0,3,1,24.0,7.225,False,False,False,True,1,True,False,False
524,1,1,0,44.0,57.9792,False,True,False,False,2,True,False,False
525,0,3,1,24.0,7.2292,False,False,False,True,1,True,False,False
526,0,3,1,40.5,7.75,False,False,False,True,1,False,True,False
527,1,2,0,50.0,10.5,False,False,True,False,1,False,False,True
528,0,1,1,37.0,221.7792,False,False,False,True,1,False,False,True
529,0,3,1,39.0,7.925,False,False,False,True,1,False,False,True
530,0,2,1,23.0,11.5,False,False,False,True,4,False,False,True
531,1,2,0,2.0,26.0,False,False,True,False,3,False,False,True
532,0,3,1,24.0,7.2292,False,False,False,True,1,True,False,False
533,0,3,1,17.0,7.2292,False,False,False,True,3,True,False,False
534,1,3,0,24.0,22.3583,False,True,False,False,3,True,False,False
535,0,3,0,30.0,8.6625,False,False,True,False,1,False,False,True
536,1,2,0,7.0,26.25,False,False,True,False,3,False,False,True
537,0,1,1,45.0,26.55,True,False,False,False,1,False,False,True
538,1,1,0,30.0,106.425,False,False,True,False,1,True,False,False
539,0,3,1,24.0,14.5,False,False,False,True,1,False,False,True
540,1,1,0,22.0,49.5,False,False,True,False,3,True,False,False
541,1,1,0,36.0,71.0,False,False,True,False,3,False,False,True
542,0,3,0,9.0,31.275,False,False,True,False,7,False,False,True
543,0,3,0,11.0,31.275,False,False,True,False,7,False,False,True
544,1,2,1,32.0,26.0,False,False,False,True,2,False,False,True
545,0,1,1,50.0,106.425,False,False,False,True,2,True,False,False
546,0,1,1,64.0,26.0,False,False,False,True,1,False,False,True
547,1,2,0,19.0,26.0,False,True,False,False,2,False,False,True
548,1,2,1,29.0,13.8625,False,False,False,True,1,True,False,False
549,0,3,1,33.0,20.525,False,False,False,True,3,False,False,True
550,1,2,1,8.0,36.75,True,False,False,False,3,False,False,True
551,1,1,1,17.0,110.8833,False,False,False,True,3,True,False,False
552,0,2,1,27.0,26.0,False,False,False,True,1,False,False,True
553,0,3,1,24.0,7.8292,False,False,False,True,1,False,True,False
554,1,3,1,22.0,7.225,False,False,False,True,1,True,False,False
555,1,3,0,22.0,7.775,False,False,True,False,1,False,False,True
556,0,1,1,62.0,26.55,False,False,False,True,1,False,False,True
557,1,1,0,48.0,39.6,True,False,False,False,2,True,False,False
558,0,1,1,37.0,227.525,False,False,False,True,1,True,False,False
559,1,1,0,39.0,79.65,False,True,False,False,3,False,False,True
560,1,3,0,36.0,17.4,False,True,False,False,2,False,False,True
561,0,3,1,24.0,7.75,False,False,False,True,1,False,True,False
562,0,3,1,40.0,7.8958,False,False,False,True,1,False,False,True
563,0,2,1,28.0,13.5,False,False,False,True,1,False,False,True
564,0,3,1,24.0,8.05,False,False,False,True,1,False,False,True
565,0,3,0,24.0,8.05,False,False,True,False,1,False,False,True
566,0,3,1,24.0,24.15,False,False,False,True,3,False,False,True
567,0,3,1,19.0,7.8958,False,False,False,True,1,False,False,True
568,0,3,0,29.0,21.075,False,True,False,False,5,False,False,True
569,0,3,1,24.0,7.2292,False,False,False,True,1,True,False,False
570,1,3,1,32.0,7.8542,False,False,False,True,1,False,False,True
571,1,2,1,62.0,10.5,False,False,False,True,1,False,False,True
572,1,1,0,53.0,51.4792,False,True,False,False,3,False,False,True
573,1,1,1,36.0,26.3875,False,False,False,True,1,False,False,True
574,1,3,0,24.0,7.75,False,False,True,False,1,False,True,False
575,0,3,1,16.0,8.05,False,False,False,True,1,False,False,True
576,0,3,1,19.0,14.5,False,False,False,True,1,False,False,True
577,1,2,0,34.0,13.0,False,False,True,False,1,False,False,True
578,1,1,0,39.0,55.9,False,True,False,False,2,False,False,True
579,0,3,0,24.0,14.4583,False,True,False,False,2,True,False,False
580,1,3,1,32.0,7.925,False,False,False,True,1,False,False,True
581,1,2,0,25.0,30.0,False,False,True,False,3,False,False,True
582,1,1,0,39.0,110.8833,False,True,False,False,3,True,False,False
583,0,2,1,54.0,26.0,False,False,False,True,1,False,False,True
584,0,1,1,36.0,40.125,False,False,False,True,1,True,False,False
585,0,3,1,24.0,8.7125,False,False,False,True,1,True,False,False
586,1,1,0,18.0,79.65,False,False,True,False,3,False,False,True
587,0,2,1,47.0,15.0,False,False,False,True,1,False,False,True
588,1,1,1,60.0,79.2,False,False,False,True,3,True,False,False
589,0,3,1,22.0,8.05,False,False,False,True,1,False,False,True
590,0,3,1,24.0,8.05,False,False,False,True,1,False,False,True
591,0,3,1,35.0,7.125,False,False,False,True,1,False,False,True
592,1,1,0,52.0,78.2667,False,True,False,False,2,True,False,False
593,0,3,1,47.0,7.25,False,False,False,True,1,False,False,True
594,0,3,0,24.0,7.75,False,False,True,False,3,False,True,False
595,0,2,1,37.0,26.0,False,False,False,True,2,False,False,True
596,0,3,1,36.0,24.15,False,False,False,True,3,False,False,True
597,1,2,0,29.0,33.0,False,False,True,False,1,False,False,True
598,0,3,1,49.0,0.0,False,False,False,True,1,False,False,True
599,0,3,1,24.0,7.225,False,False,False,True,1,True,False,False
600,1,1,1,49.0,56.9292,True,False,False,False,2,True,False,False
601,1,2,0,24.0,27.0,False,True,False,False,4,False,False,True
602,0,3,1,24.0,7.8958,False,False,False,True,1,False,False,True
603,0,1,1,37.0,42.4,False,False,False,True,1,False,False,True
604,0,3,1,44.0,8.05,False,False,False,True,1,False,False,True
605,1,1,1,35.0,26.55,False,False,False,True,1,True,False,False
606,0,3,1,36.0,15.55,False,False,False,True,2,False,False,True
607,0,3,1,30.0,7.8958,False,False,False,True,1,False,False,True
608,1,1,1,27.0,30.5,False,False,False,True,1,False,False,True
609,1,2,0,22.0,41.5792,False,True,False,False,4,True,False,False
610,1,1,0,40.0,153.4625,False,False,True,False,1,False,False,True
611,0,3,0,39.0,31.275,False,True,False,False,7,False,False,True
612,0,3,1,24.0,7.05,False,False,False,True,1,False,False,True
613,1,3,0,24.0,15.5,False,False,True,False,2,False,True,False
614,0,3,1,24.0,7.75,False,False,False,True,1,False,True,False
615,0,3,1,35.0,8.05,False,False,False,True,1,False,False,True
616,1,2,0,24.0,65.0,False,False,True,False,4,False,False,True
617,0,3,1,34.0,14.4,False,False,False,True,3,False,False,True
618,0,3,0,26.0,16.1,False,True,False,False,2,False,False,True
619,1,2,0,4.0,39.0,False,False,True,False,4,False,False,True
620,0,2,1,26.0,10.5,False,False,False,True,1,False,False,True
621,0,3,1,27.0,14.4542,False,False,False,True,2,True,False,False
622,1,1,1,42.0,52.5542,False,False,False,True,2,False,False,True
623,1,3,1,20.0,15.7417,False,False,False,True,3,True,False,False
624,0,3,1,21.0,7.8542,False,False,False,True,1,False,False,True
625,0,3,1,21.0,16.1,False,False,False,True,1,False,False,True
626,0,1,1,61.0,32.3208,False,False,False,True,1,False,False,True
627,0,2,1,57.0,12.35,True,False,False,False,1,False,True,False
628,1,1,0,21.0,77.9583,False,False,True,False,1,False,False,True
629,0,3,1,26.0,7.8958,False,False,False,True,1,False,False,True
630,0,3,1,24.0,7.7333,False,False,False,True,1,False,True,False
631,1,1,1,80.0,30.0,False,False,False,True,1,False,False,True
632,0,3,1,51.0,7.0542,False,False,False,True,1,False,False,True
633,1,1,1,32.0,30.5,True,False,False,False,1,True,False,False
634,0,1,1,37.0,0.0,False,False,False,True,1,False,False,True
635,0,3,0,9.0,27.9,False,False,True,False,6,False,False,True
636,1,2,0,28.0,13.0,False,False,True,False,1,False,False,True
637,0,3,1,32.0,7.925,False,False,False,True,1,False,False,True
638,0,2,1,31.0,26.25,False,False,False,True,3,False,False,True
639,0,3,0,41.0,39.6875,False,True,False,False,6,False,False,True
640,0,3,1,24.0,16.1,False,False,False,True,2,False,False,True
641,0,3,1,20.0,7.8542,False,False,False,True,1,False,False,True
642,1,1,0,24.0,69.3,False,False,True,False,1,True,False,False
643,0,3,0,2.0,27.9,False,False,True,False,6,False,False,True
644,1,3,1,24.0,56.4958,False,False,False,True,1,False,False,True
645,1,3,0,0.75,19.2583,False,False,True,False,4,True,False,False
646,1,1,1,48.0,76.7292,False,False,False,True,2,True,False,False
647,0,3,1,19.0,7.8958,False,False,False,True,1,False,False,True
648,1,1,1,56.0,35.5,True,False,False,False,1,True,False,False
649,0,3,1,24.0,7.55,False,False,False,True,1,False,False,True
650,1,3,0,23.0,7.55,False,False,True,False,1,False,False,True
651,0,3,1,24.0,7.8958,False,False,False,True,1,False,False,True
652,1,2,0,18.0,23.0,False,False,True,False,2,False,False,True
653,0,3,1,21.0,8.4333,False,False,False,True,1,False,False,True
654,1,3,0,24.0,7.8292,False,False,True,False,1,False,True,False
655,0,3,0,18.0,6.75,False,False,True,False,1,False,True,False
656,0,2,1,24.0,73.5,False,False,False,True,3,False,False,True
657,0,3,1,24.0,7.8958,False,False,False,True,1,False,False,True
658,0,3,0,32.0,15.5,False,True,False,False,3,False,True,False
659,0,2,1,23.0,13.0,False,False,False,True,1,False,False,True
660,0,1,1,58.0,113.275,False,False,False,True,3,True,False,False
661,1,1,1,50.0,133.65,True,False,False,False,3,False,False,True
662,0,3,1,40.0,7.225,False,False,False,True,1,True,False,False
663,0,1,1,47.0,25.5875,False,False,False,True,1,False,False,True
664,0,3,1,36.0,7.4958,False,False,False,True,1,False,False,True
665,1,3,1,20.0,7.925,False,False,False,True,2,False,False,True
666,0,2,1,32.0,73.5,False,False,False,True,3,False,False,True
667,0,2,1,25.0,13.0,False,False,False,True,1,False,False,True
668,0,3,1,24.0,7.775,False,False,False,True,1,False,False,True
669,0,3,1,43.0,8.05,False,False,False,True,1,False,False,True
670,1,1,0,37.0,52.0,False,True,False,False,2,False,False,True
671,1,2,0,40.0,39.0,False,True,False,False,3,False,False,True
672,0,1,1,31.0,52.0,False,False,False,True,2,False,False,True
673,0,2,1,70.0,10.5,False,False,False,True,1,False,False,True
674,1,2,1,31.0,13.0,False,False,False,True,1,False,False,True
675,0,2,1,29.0,0.0,False,False,False,True,1,False,False,True
676,0,3,1,18.0,7.775,False,False,False,True,1,False,False,True
677,0,3,1,24.5,8.05,False,False,False,True,1,False,False,True
678,1,3,0,18.0,9.8417,False,False,True,False,1,False,False,True
679,0,3,0,43.0,46.9,False,True,False,False,8,False,False,True
680,1,1,1,36.0,512.3292,False,False,False,True,2,True,False,False
681,0,3,0,24.0,8.1375,False,False,True,False,1,False,True,False
682,1,1,1,27.0,76.7292,False,False,False,True,1,True,False,False
683,0,3,1,20.0,9.225,False,False,False,True,1,False,False,True
684,0,3,1,14.0,46.9,False,False,False,True,8,False,False,True
685,0,2,1,60.0,39.0,False,False,False,True,3,False,False,True
686,0,2,1,25.0,41.5792,False,False,False,True,4,True,False,False
687,0,3,1,14.0,39.6875,False,False,False,True,6,False,False,True
688,0,3,1,19.0,10.1708,False,False,False,True,1,False,False,True
689,0,3,1,18.0,7.7958,False,False,False,True,1,False,False,True
690,1,1,0,15.0,211.3375,False,False,True,False,2,False,False,True
691,1,1,1,31.0,57.0,False,False,False,True,2,False,False,True
692,1,3,0,4.0,13.4167,False,False,True,False,2,True,False,False
693,1,3,1,24.0,56.4958,False,False,False,True,1,False,False,True
694,0,3,1,25.0,7.225,False,False,False,True,1,True,False,False
695,0,1,1,60.0,26.55,True,False,False,False,1,False,False,True
696,0,2,1,52.0,13.5,False,False,False,True,1,False,False,True
697,0,3,1,44.0,8.05,False,False,False,True,1,False,False,True
698,1,3,0,24.0,7.7333,False,False,True,False,1,False,True,False
699,0,1,1,49.0,110.8833,False,False,False,True,3,True,False,False
700,0,3,1,42.0,7.65,False,False,False,True,1,False,False,True
701,1,1,0,18.0,227.525,False,True,False,False,2,True,False,False
702,1,1,1,35.0,26.2875,False,False,False,True,1,False,False,True
703,0,3,0,18.0,14.4542,False,False,True,False,2,True,False,False
704,0,3,1,25.0,7.7417,False,False,False,True,1,False,True,False
705,0,3,1,26.0,7.8542,False,False,False,True,2,False,False,True
706,0,2,1,39.0,26.0,False,False,False,True,1,False,False,True
707,1,2,0,45.0,13.5,False,True,False,False,1,False,False,True
708,1,1,1,42.0,26.2875,False,False,False,True,1,False,False,True
709,1,1,0,22.0,151.55,False,False,True,False,1,False,False,True
710,1,3,1,24.0,15.2458,True,False,False,False,3,True,False,False
711,1,1,0,24.0,49.5042,False,False,True,False,1,True,False,False
712,0,1,1,37.0,26.55,False,False,False,True,1,False,False,True
713,1,1,1,48.0,52.0,False,False,False,True,2,False,False,True
714,0,3,1,29.0,9.4833,False,False,False,True,1,False,False,True
715,0,2,1,52.0,13.0,False,False,False,True,1,False,False,True
716,0,3,1,19.0,7.65,False,False,False,True,1,False,False,True
717,1,1,0,38.0,227.525,False,False,True,False,1,True,False,False
718,1,2,0,27.0,10.5,False,False,True,False,1,False,False,True
719,0,3,1,24.0,15.5,False,False,False,True,1,False,True,False
720,0,3,1,33.0,7.775,False,False,False,True,1,False,False,True
721,1,2,0,6.0,33.0,False,False,True,False,2,False,False,True
722,0,3,1,17.0,7.0542,False,False,False,True,2,False,False,True
723,0,2,1,34.0,13.0,False,False,False,True,1,False,False,True
724,0,2,1,50.0,13.0,False,False,False,True,1,False,False,True
725,1,1,1,27.0,53.1,False,False,False,True,2,False,False,True
726,0,3,1,20.0,8.6625,False,False,False,True,1,False,False,True
727,1,2,0,30.0,21.0,False,True,False,False,4,False,False,True
728,1,3,0,24.0,7.7375,False,False,True,False,1,False,True,False
729,0,2,1,25.0,26.0,False,False,False,True,2,False,False,True
730,0,3,0,25.0,7.925,False,False,True,False,2,False,False,True
731,1,1,0,29.0,211.3375,False,False,True,False,1,False,False,True
732,0,3,1,11.0,18.7875,False,False,False,True,1,True,False,False
733,0,2,1,29.0,0.0,False,False,False,True,1,False,False,True
734,0,2,1,23.0,13.0,False,False,False,True,1,False,False,True
735,0,2,1,23.0,13.0,False,False,False,True,1,False,False,True
736,0,3,1,28.5,16.1,False,False,False,True,1,False,False,True
737,0,3,0,48.0,34.375,False,True,False,False,5,False,False,True
738,1,1,1,35.0,512.3292,False,False,False,True,1,True,False,False
739,0,3,1,24.0,7.8958,False,False,False,True,1,False,False,True
740,0,3,1,24.0,7.8958,False,False,False,True,1,False,False,True
741,1,1,1,37.0,30.0,False,False,False,True,1,False,False,True
742,0,1,1,36.0,78.85,False,False,False,True,2,False,False,True
743,1,1,0,21.0,262.375,False,False,True,False,5,True,False,False
744,0,3,1,24.0,16.1,False,False,False,True,2,False,False,True
745,1,3,1,31.0,7.925,False,False,False,True,1,False,False,True
746,0,1,1,70.0,71.0,True,False,False,False,3,False,False,True
747,0,3,1,16.0,20.25,False,False,False,True,3,False,False,True
748,1,2,0,30.0,13.0,False,False,True,False,1,False,False,True
749,0,1,1,19.0,53.1,False,False,False,True,2,False,False,True
750,0,3,1,31.0,7.75,False,False,False,True,1,False,True,False
751,1,2,0,4.0,23.0,False,False,True,False,3,False,False,True
752,1,3,1,6.0,12.475,True,False,False,False,2,False,False,True
753,0,3,1,33.0,9.5,False,False,False,True,1,False,False,True
754,0,3,1,23.0,7.8958,False,False,False,True,1,False,False,True
755,1,2,0,48.0,65.0,False,True,False,False,4,False,False,True
756,1,2,1,0.67,14.5,True,False,False,False,3,False,False,True
757,0,3,1,28.0,7.7958,False,False,False,True,1,False,False,True
758,0,2,1,18.0,11.5,False,False,False,True,1,False,False,True
759,0,3,1,34.0,8.05,False,False,False,True,1,False,False,True
760,1,1,0,33.0,86.5,True,False,False,False,1,False,False,True
761,0,3,1,24.0,14.5,False,False,False,True,1,False,False,True
762,0,3,1,41.0,7.125,False,False,False,True,1,False,False,True
763,1,3,1,20.0,7.2292,False,False,False,True,1,True,False,False
764,1,1,0,36.0,120.0,False,True,False,False,4,False,False,True
765,0,3,1,16.0,7.775,False,False,False,True,1,False,False,True
766,1,1,0,51.0,77.9583,False,True,False,False,2,False,False,True
767,0,1,1,37.0,39.6,True,False,False,False,1,True,False,False
768,0,3,0,30.5,7.75,False,False,True,False,1,False,True,False
769,0,3,1,24.0,24.15,False,False,False,True,2,False,True,False
770,0,3,1,32.0,8.3625,False,False,False,True,1,False,False,True
771,0,3,1,24.0,9.5,False,False,False,True,1,False,False,True
772,0,3,1,48.0,7.8542,False,False,False,True,1,False,False,True
773,0,2,0,57.0,10.5,False,True,False,False,1,False,False,True
774,0,3,1,24.0,7.225,False,False,False,True,1,True,False,False
775,1,2,0,54.0,23.0,False,True,False,False,5,False,False,True
776,0,3,1,18.0,7.75,False,False,False,True,1,False,False,True
777,0,3,1,24.0,7.75,False,False,False,True,1,False,True,False
778,1,3,0,5.0,12.475,False,False,True,False,1,False,False,True
779,0,3,1,24.0,7.7375,False,False,False,True,1,False,True,False
780,1,1,0,43.0,211.3375,False,True,False,False,2,False,False,True
781,1,3,0,13.0,7.2292,False,False,True,False,1,True,False,False
782,1,1,0,17.0,57.0,False,True,False,False,2,False,False,True
783,0,1,1,29.0,30.0,False,False,False,True,1,False,False,True
784,0,3,1,24.0,23.45,False,False,False,True,4,False,False,True
785,0,3,1,25.0,7.05,False,False,False,True,1,False,False,True
786,0,3,1,25.0,7.25,False,False,False,True,1,False,False,True
787,1,3,0,18.0,7.4958,False,False,True,False,1,False,False,True
788,0,3,1,8.0,29.125,True,False,False,False,6,False,True,False
789,1,3,1,1.0,20.575,True,False,False,False,4,False,False,True
790,0,1,1,46.0,79.2,False,False,False,True,1,True,False,False
791,0,3,1,24.0,7.75,False,False,False,True,1,False,True,False
792,0,2,1,16.0,26.0,False,False,False,True,1,False,False,True
793,0,3,0,24.0,69.55,False,False,True,False,11,False,False,True
794,0,1,1,37.0,30.6958,False,False,False,True,1,True,False,False
795,0,3,1,25.0,7.8958,False,False,False,True,1,False,False,True
796,0,2,1,39.0,13.0,False,False,False,True,1,False,False,True
797,1,1,0,49.0,25.9292,True,False,False,False,1,False,False,True
798,1,3,0,31.0,8.6833,False,True,False,False,1,False,False,True
799,0,3,1,30.0,7.2292,False,False,False,True,1,True,False,False
800,0,3,0,30.0,24.15,False,True,False,False,3,False,False,True
801,0,2,1,34.0,13.0,False,False,False,True,1,False,False,True
802,1,2,0,31.0,26.25,False,True,False,False,3,False,False,True
803,1,1,1,11.0,120.0,True,False,False,False,4,False,False,True
804,1,3,1,0.42,8.5167,True,False,False,False,2,True,False,False
805,1,3,1,27.0,6.975,False,False,False,True,1,False,False,True
806,0,3,1,31.0,7.775,False,False,False,True,1,False,False,True
807,0,1,1,39.0,0.0,False,False,False,True,1,False,False,True
808,0,3,0,18.0,7.775,False,False,True,False,1,False,False,True
809,0,2,1,39.0,13.0,False,False,False,True,1,False,False,True
810,1,1,0,33.0,53.1,False,True,False,False,2,False,False,True
811,0,3,1,26.0,7.8875,False,False,False,True,1,False,False,True
812,0,3,1,39.0,24.15,False,False,False,True,1,False,False,True
813,0,2,1,35.0,10.5,False,False,False,True,1,False,False,True
814,0,3,0,6.0,31.275,False,False,True,False,7,False,False,True
815,0,3,1,30.5,8.05,False,False,False,True,1,False,False,True
816,0,1,1,37.0,0.0,False,False,False,True,1,False,False,True
817,0,3,0,23.0,7.925,False,False,True,False,1,False,False,True
818,0,2,1,31.0,37.0042,False,False,False,True,3,True,False,False
819,0,3,1,43.0,6.45,False,False,False,True,1,False,False,True
820,0,3,1,10.0,27.9,True,False,False,False,6,False,False,True
821,1,1,0,52.0,93.5,False,True,False,False,3,False,False,True
822,1,3,1,27.0,8.6625,False,False,False,True,1,False,False,True
823,0,1,1,38.0,0.0,True,False,False,False,1,False,False,True
824,1,3,0,27.0,12.475,False,True,False,False,2,False,False,True
825,0,3,1,2.0,39.6875,True,False,False,False,6,False,False,True
826,0,3,1,24.0,6.95,False,False,False,True,1,False,True,False
827,0,3,1,24.0,56.4958,False,False,False,True,1,False,False,True
828,1,2,1,1.0,37.0042,True,False,False,False,3,True,False,False
829,1,3,1,24.0,7.75,False,False,False,True,1,False,True,False
830,1,1,0,62.0,80.0,False,True,False,False,1,False,False,True
831,1,3,0,15.0,14.4542,False,True,False,False,2,True,False,False
832,1,2,1,0.83,18.75,True,False,False,False,3,False,False,True
833,0,3,1,24.0,7.2292,False,False,False,True,1,True,False,False
834,0,3,1,23.0,7.8542,False,False,False,True,1,False,False,True
835,0,3,1,18.0,8.3,False,False,False,True,1,False,False,True
836,1,1,0,39.0,83.1583,False,False,True,False,3,True,False,False
837,0,3,1,21.0,8.6625,False,False,False,True,1,False,False,True
838,0,3,1,24.0,8.05,False,False,False,True,1,False,False,True
839,1,3,1,32.0,56.4958,False,False,False,True,1,False,False,True
840,1,1,1,37.0,29.7,False,False,False,True,1,True,False,False
841,0,3,1,20.0,7.925,False,False,False,True,1,False,False,True
842,0,2,1,16.0,10.5,False,False,False,True,1,False,False,True
843,1,1,0,30.0,31.0,False,False,True,False,1,True,False,False
844,0,3,1,34.5,6.4375,False,False,False,True,1,True,False,False
845,0,3,1,17.0,8.6625,False,False,False,True,1,False,False,True
846,0,3,1,42.0,7.55,False,False,False,True,1,False,False,True
847,0,3,1,24.0,69.55,False,False,False,True,11,False,False,True
848,0,3,1,35.0,7.8958,False,False,False,True,1,True,False,False
849,0,2,1,28.0,33.0,True,False,False,False,2,False,False,True
850,1,1,0,37.0,89.1042,False,True,False,False,2,True,False,False
851,0,3,1,4.0,31.275,True,False,False,False,7,False,False,True
852,0,3,1,74.0,7.775,False,False,False,True,1,False,False,True
853,0,3,0,9.0,15.2458,False,False,True,False,3,True,False,False
854,1,1,0,16.0,39.4,False,False,True,False,2,False,False,True
855,0,2,0,44.0,26.0,False,True,False,False,2,False,False,True
856,1,3,0,18.0,9.35,False,True,False,False,2,False,False,True
857,1,1,0,45.0,164.8667,False,True,False,False,3,False,False,True
858,1,1,1,51.0,26.55,False,False,False,True,1,False,False,True
859,1,3,0,24.0,19.2583,False,True,False,False,4,True,False,False
860,0,3,1,24.0,7.2292,False,False,False,True,1,True,False,False
861,0,3,1,41.0,14.1083,False,False,False,True,3,False,False,True
862,0,2,1,21.0,11.5,False,False,False,True,2,False,False,True
863,1,1,0,48.0,25.9292,False,True,False,False,1,False,False,True
864,0,3,0,24.0,69.55,False,False,True,False,11,False,False,True
865,0,2,1,24.0,13.0,False,False,False,True,1,False,False,True
866,1,2,0,42.0,13.0,False,True,False,False,1,False,False,True
867,1,2,0,27.0,13.8583,False,False,True,False,2,True,False,False
868,0,1,1,31.0,50.4958,False,False,False,True,1,False,False,True
869,0,3,1,24.0,9.5,False,False,False,True,1,False,False,True
870,1,3,1,4.0,11.1333,True,False,False,False,3,False,False,True
871,0,3,1,26.0,7.8958,False,False,False,True,1,False,False,True
872,1,1,0,47.0,52.5542,False,True,False,False,3,False,False,True
873,0,1,1,33.0,5.0,False,False,False,True,1,False,False,True
874,0,3,1,47.0,9.0,False,False,False,True,1,False,False,True
875,1,2,0,28.0,24.0,False,True,False,False,2,True,False,False
876,1,3,0,15.0,7.225,False,False,True,False,1,True,False,False
877,0,3,1,20.0,9.8458,False,False,False,True,1,False,False,True
878,0,3,1,19.0,7.8958,False,False,False,True,1,False,False,True
879,0,3,1,24.0,7.8958,False,False,False,True,1,False,False,True
880,1,1,0,56.0,83.1583,False,True,False,False,2,True,False,False
881,1,2,0,25.0,26.0,False,True,False,False,2,False,False,True
882,0,3,1,33.0,7.8958,False,False,False,True,1,False,False,True
883,0,3,0,22.0,10.5167,False,False,True,False,1,False,False,True
884,0,2,1,28.0,10.5,False,False,False,True,1,False,False,True
885,0,3,1,25.0,7.05,False,False,False,True,1,False,False,True
886,0,3,0,39.0,29.125,False,True,False,False,6,False,True,False
887,0,2,1,27.0,13.0,True,False,False,False,1,False,False,True
888,1,1,0,19.0,30.0,False,False,True,False,1,False,False,True
889,0,3,0,24.0,23.45,False,False,True,False,4,False,False,True
890,1,1,1,26.0,30.0,False,False,False,True,1,True,False,False
891,0,3,1,32.0,7.75,False,False,False,True,1,False,True,False
